Codice EPREL;Codice GTIN/EAN;Codice Prodotto;Categoria;Paese di Produzione
2226586;eiQINTWM149V2;EIQINTWM149;WASHINGMACHINES;IT
2226586;eiQINTWM149V2;EIQINTWM149;WASHINGMACHINES;IT
2226586;eiQINTWM149V2;EIQINTWM149;WASHINGMACHINES;IT
2226586;eiQINTWM149V2;EIQINTWM149;WASHINGMACHINES;IT
2226586;eiQINTWM149V2;EIQINTWM149;WASHINGMACHINES;IT
2226586;eiQINTWM149V2;EIQINTWM149;WASHINGMACHINES;IT
2226586;eiQINTWM149V2;EIQINTWM149;WASHINGMACHINES;IT
2226586;eiQINTWM149V2;EIQINTWM149;WASHINGMACHINES;IT
2226586;eiQINTWM149V2;EIQINTWM149;WASHINGMACHINES;IT
2226586;eiQINTWM149V2;EIQINTWM149;WASHINGMACHINES;IT
2226586;eiQINTWM149V2;EIQINTWM149;WASHINGMACHINES;IT
2226586;eiQINTWM149V2;EIQINTWM149;WASHINGMACHINES;IT
2226586;eiQINTWM149V2;EIQINTWM149;WASHINGMACHINES;IT
2226586;eiQINTWM149V2;EIQINTWM149;WASHINGMACHINES;IT
2226586;eiQINTWM149V2;EIQINTWM149;WASHINGMACHINES;IT
2226586;eiQINTWM149V2;EIQINTWM149;WASHINGMACHINES;IT
2226586;eiQINTWM149V2;EIQINTWM149;WASHINGMACHINES;IT
2226586;eiQINTWM149V2;EIQINTWM149;WASHINGMACHINES;IT
2226586;eiQINTWM149V2;EIQINTWM149;WASHINGMACHINES;IT
2226586;eiQINTWM149V2;EIQINTWM149;WASHINGMACHINES;IT
2226586;eiQINTWM149V2;EIQINTWM149;WASHINGMACHINES;IT
2226586;eiQINTWM149V2;EIQINTWM149;WASHINGMACHINES;IT
2226586;eiQINTWM149V2;EIQINTWM149;WASHINGMACHINES;IT
2226586;eiQINTWM149V2;EIQINTWM149;WASHINGMACHINES;IT
2226586;eiQINTWM149V2;EIQINTWM149;WASHINGMACHINES;IT
2226586;eiQINTWM149V2;EIQINTWM149;WASHINGMACHINES;IT
2226586;eiQINTWM149V2;EIQINTWM149;WASHINGMACHINES;IT
2226586;eiQINTWM149V2;EIQINTWM149;WASHINGMACHINES;IT
2226586;eiQINTWM149V2;EIQINTWM149;WASHINGMACHINES;IT
2226586;eiQINTWM149V2;EIQINTWM149;WASHINGMACHINES;IT
2226586;eiQINTWM149V2;EIQINTWM149;WASHINGMACHINES;IT
2226586;eiQINTWM149V2;EIQINTWM149;WASHINGMACHINES;IT
2226586;eiQINTWM149V2;EIQINTWM149;WASHINGMACHINES;IT
2226586;eiQINTWM149V2;EIQINTWM149;WASHINGMACHINES;IT
2226586;eiQINTWM149V2;EIQINTWM149;WASHINGMACHINES;IT
2226586;eiQINTWM149V2;EIQINTWM149;WASHINGMACHINES;IT
2226586;eiQINTWM149V2;EIQINTWM149;WASHINGMACHINES;IT
2226586;eiQINTWM149V2;EIQINTWM149;WASHINGMACHINES;IT
2226586;eiQINTWM149V2;EIQINTWM149;WASHINGMACHINES;IT
2226586;eiQINTWM149V2;EIQINTWM149;WASHINGMACHINES;IT
2226586;eiQINTWM149V2;EIQINTWM149;WASHINGMACHINES;IT
2226586;eiQINTWM149V2;EIQINTWM149;WASHINGMACHINES;IT
2226586;eiQINTWM149V2;EIQINTWM149;WASHINGMACHINES;IT
2226586;eiQINTWM149V2;EIQINTWM149;WASHINGMACHINES;IT
2226586;eiQINTWM149V2;EIQINTWM149;WASHINGMACHINES;IT
2226586;eiQINTWM149V2;EIQINTWM149;WASHINGMACHINES;IT
2226586;eiQINTWM149V2;EIQINTWM149;WASHINGMACHINES;IT
2226586;eiQINTWM149V2;EIQINTWM149;WASHINGMACHINES;IT
2226586;eiQINTWM149V2;EIQINTWM149;WASHINGMACHINES;IT
2226586;eiQINTWM149V2;EIQINTWM149;WASHINGMACHINES;IT
2226586;eiQINTWM149V2;EIQINTWM149;WASHINGMACHINES;IT
2226586;eiQINTWM149V2;EIQINTWM149;WASHINGMACHINES;IT
2226586;eiQINTWM149V2;EIQINTWM149;WASHINGMACHINES;IT
2226586;eiQINTWM149V2;EIQINTWM149;WASHINGMACHINES;IT
2226586;eiQINTWM149V2;EIQINTWM149;WASHINGMACHINES;IT
2226586;eiQINTWM149V2;EIQINTWM149;WASHINGMACHINES;IT
2226586;eiQINTWM149V2;EIQINTWM149;WASHINGMACHINES;IT
2226586;eiQINTWM149V2;EIQINTWM149;WASHINGMACHINES;IT
2226586;eiQINTWM149V2;EIQINTWM149;WASHINGMACHINES;IT
2226586;eiQINTWM149V2;EIQINTWM149;WASHINGMACHINES;IT
2226586;eiQINTWM149V2;EIQINTWM149;WASHINGMACHINES;IT
2226586;eiQINTWM149V2;EIQINTWM149;WASHINGMACHINES;IT
2226586;eiQINTWM149V2;EIQINTWM149;WASHINGMACHINES;IT
2226586;eiQINTWM149V2;EIQINTWM149;WASHINGMACHINES;IT
2226586;eiQINTWM149V2;EIQINTWM149;WASHINGMACHINES;IT
2226586;eiQINTWM149V2;EIQINTWM149;WASHINGMACHINES;IT
2226586;eiQINTWM149V2;EIQINTWM149;WASHINGMACHINES;IT
2226586;eiQINTWM149V2;EIQINTWM149;WASHINGMACHINES;IT
2226586;eiQINTWM149V2;EIQINTWM149;WASHINGMACHINES;IT
2226586;eiQINTWM149V2;EIQINTWM149;WASHINGMACHINES;IT
2226586;eiQINTWM149V2;EIQINTWM149;WASHINGMACHINES;IT
2226586;eiQINTWM149V2;EIQINTWM149;WASHINGMACHINES;IT
2226586;eiQINTWM149V2;EIQINTWM149;WASHINGMACHINES;IT
2226586;eiQINTWM149V2;EIQINTWM149;WASHINGMACHINES;IT
2226586;eiQINTWM149V2;EIQINTWM149;WASHINGMACHINES;IT
2226586;eiQINTWM149V2;EIQINTWM149;WASHINGMACHINES;IT
2226586;eiQINTWM149V2;EIQINTWM149;WASHINGMACHINES;IT
2226586;eiQINTWM149V2;EIQINTWM149;WASHINGMACHINES;IT
2226586;eiQINTWM149V2;EIQINTWM149;WASHINGMACHINES;IT
2226586;eiQINTWM149V2;EIQINTWM149;WASHINGMACHINES;IT
2226586;eiQINTWM149V2;EIQINTWM149;WASHINGMACHINES;IT
2226586;eiQINTWM149V2;EIQINTWM149;WASHINGMACHINES;IT
2226586;eiQINTWM149V2;EIQINTWM149;WASHINGMACHINES;IT
2226586;eiQINTWM149V2;EIQINTWM149;WASHINGMACHINES;IT
2226586;eiQINTWM149V2;EIQINTWM149;WASHINGMACHINES;IT
2226586;eiQINTWM149V2;EIQINTWM149;WASHINGMACHINES;IT
2226586;eiQINTWM149V2;EIQINTWM149;WASHINGMACHINES;IT
2226586;eiQINTWM149V2;EIQINTWM149;WASHINGMACHINES;IT
2226586;eiQINTWM149V2;EIQINTWM149;WASHINGMACHINES;IT
2226586;eiQINTWM149V2;EIQINTWM149;WASHINGMACHINES;IT
2226586;eiQINTWM149V2;EIQINTWM149;WASHINGMACHINES;IT
2226586;eiQINTWM149V2;EIQINTWM149;WASHINGMACHINES;IT
2226586;eiQINTWM149V2;EIQINTWM149;WASHINGMACHINES;IT
2226586;eiQINTWM149V2;EIQINTWM149;WASHINGMACHINES;IT
2226586;eiQINTWM149V2;EIQINTWM149;WASHINGMACHINES;IT
2226586;eiQINTWM149V2;EIQINTWM149;WASHINGMACHINES;IT
2226586;eiQINTWM149V2;EIQINTWM149;WASHINGMACHINES;IT
2226586;eiQINTWM149V2;EIQINTWM149;WASHINGMACHINES;IT
2226586;eiQINTWM149V2;EIQINTWM149;WASHINGMACHINES;IT
2226586;eiQINTWM149V2;EIQINTWM149;WASHINGMACHINES;IT
2226586;eiQINTWM149V2;EIQINTWM149;WASHINGMACHINES;IT
